HP V194 - Monitor LED - 18.5" (18.5" visible);MT537HPQ74;90,00;
HP 19ka - Monitor LED - 18.5" (18.5" visible);MT537HPR71;68,02;
HP 25er - Monitor LED - 25" (25" visible);MT537HPR75;233,85;
HP 27er - Monitor LED - 27" (27" visible);MT537HPR76;258,02;
Dell E1916HV - Monitor LED - 18.5" ( 18.51" visible );MT002DEL81;73,33;
Dell - LED-backlit LCD monitor - 23.8";MT001DEL97;160,00;
Dell SE2717H - Monitor LED - 27" (27" visible);MT100DEL31;276,67;
Samsung SE450 Series S22E450D - Monitor LED - 21.5";MT861SAM35;154,40;
Samsung SF350 Series S24F350FHL - Monitor LED - 24";MT024SAM05;181,11;
Samsung SE450 Series S24E450D - Monitor LED - 24";MT861SAM34;179,92;
Samsung CF390 Series C24F390FHL - Monitor LED - curvado;MT861SAM32;189,06;
Samsung SE450 Series S27E450D - Monitor LED - 27";MT861SAM36;262,35;
Samsung CF390 Series C27F390FHL - Monitor LED - curvado;MT861SAM37;281,49;
Samsung CF591 Series C27F591FDL - Monitor LED - curvado;MT027SAM01;339,24;
Samsung CF391 Series C32F391FWL - Monitor LED - curvado;MT032SAM05;337,41;
Dell Inspiron - 3552 - Notebook;NT018DEL20;284,44;
Dell Inspiron 15 3567 - Core i3 6006U / 2 GHz - Win 10 Home 64 bit;NT021DEL01;414,44;
Dell Inspiron - 14 3467 - 14";NT020DEL80;433,33;
Dell Inspiron 14 - 3000 - Notebook;NT018DEL29;531,11;
Dell Inspiron 15 5567 - Core i7 7500U / 2.7 GHz - Win 10 Home 64 bit;NT017DEL27;790,00;
HP - 14-bs025la - 14";NT005HPR21;305,49;
HP Pavilion x360 - 14-ba001la - 14";NT005HPR16;549,45;
HP - 14-bs018la - 14";NT005HPR17;553,85;
HP Pavilion 15-cd005la - A12 9720P / 2.7 GHz - Win 10 Home 64 bit;NT005HPR27;638,46;
HP ProBook - 440 G4 - 14";NT005HPQ25;676,92;
HP Pavilion - 14-bk001la - Notebook;NT005HPR26;595,00;
HP ProBook - 440 G4 - 14" LED;NT005HPQ42;698,74;
HP ProBook - 450 - 15.6" LCD;NT005HPQ40;729,84;
Lenovo ThinkPad E470 20H1 - Core i5 7200U / 2.5 GHz - Win 10 Pro 64 bits;NT013LEN30;693,76;
Lenovo ThinkPad E470 20H1 - Core i7 7500U / 2.7 GHz - Win 10 Pro 64 bits;NT013LEN83;Cont�ctenos por precio.;
Motorola Moto E Plus - XT1773 - Pantalla HD de 5.5;CE102MOT39;155,29;
Motorola Moto Z Play -  4G - 6.01 Marshmalow +1;CE102MOT18;432,94;
Huawei P9-LITE SMART - Snapdragon435, Octa-Core (4x1.4GHz+4x1.1GHz) - Android"! 6.0 + EMUI 4.1;CE105HUA03;191,30;
Huawei P9-LITE SMART - Snapdragon435, Octa-Core (4x1.4GHz+4x1.1GHz) - Android"! 6.0 + EMUI 4.1;CE105HUA04;191,30;
Huawei P9 Lite - Android 6.0 - Pantalla 5.2", 1080 x 1920 pixeles;CE102HUA66;208,70;
Huawei Mate 9 Lite - Octa core - Android 6;CE104HUA47;260,87;
Huawei P10 - Android"! 7.0 - Procesador Kirin 960 2.4GHz;CE104HUA69;403,26;
Huawei Mate 9 - Smartphone - Android;CE104HUA24;480,43;
Huawei Mate 9 -  RAM 4G  - Android 7.0;CE104HUA33;480,43;
Huawei Mate 9 - Octa core - Android"! 7.0;CE104HUA34;480,43;
HUAWEI MediaPad - T3 10 - 9.6";TA001HUA10;181,18;
Logitech - Mouse - Wireless;ID021LOG94;21,52;
Logitech Wireless Trackball M570 - Bola de seguimiento - laser;ID025LOG05;52,38;
Microsoft Arc Touch Bluetooth Mouse - Rat�n - diestro y zurdo;ID015MSR18;54,76;
Logitech Multi-Device K380 - Teclado - Bluetooth;ID222LOG69;31,65;
Logitech Wireless Touch Keyboard K400 Plus - Teclado - con panel t�ctil;ID222LOG68;27,38;
Logitech Wireless Solar Keyboard K750 - Teclado - inal�mbrico;ID222LOG87;40,51;
Logitech Keys-To-Go - Teclado - Bluetooth;ID210LOG10;48,10;
HyperX Alloy FPS Mechanical Gaming - Teclado - USB;ID000KNG01;93,10;
SanDisk Ultra - Tarjeta de memoria flash (adaptador microSDHC a SD Incluido) - 16 GB;CH160SDK15;9,52;
SanDisk Ultra - Tarjeta de memoria flash (adaptador microSDHC a SD Incluido) - 32 GB;CH320SDK16;15,48;
Kingston - Tarjeta de memoria flash (adaptador microSDXC a SD Incluido) - 64 GB;CH065KNG38;40,36;
Kingston - Tarjeta de memoria flash (adaptador microSDXC a SD Incluido) - 64 GB;CH065KNG45;37,74;
Kingston Ultimate - Tarjeta de memoria flash - 64 GB;CH065KNG32;32,86;
Kingston - Tarjeta de memoria flash - 128 GB;CH131KNG60;54,17;
Canon Pixma IP2810 - Photo printer - Ink-jet;PT550CAN62;33,33;
HP Deskjet Ink Advantage 2135 All-in-One - Impresora multifunci�n - color;PT313HEW48;28,26;
HP Deskjet Ink Advantage 3775 All-in-One - Impresora multifunci�n - color;PT804HEW01;46,74;
Epson Expression XP-241 - Impresora multifunci�n - color;PT335EPS56;44,50;
Canon PIXMA E402 - Impresora multifunci�n - color;PT552CAN40;51,11;
JAM HMDX audio - Rebound - Speaker;MM100JAM76;13,92;
JAM HMDX audio Rebound - Speaker - Blue;MM100JAM78;13,92;
JAM Replay - Altavoz - para uso port�til;MM100JAM26;20,00;
JAM Replay - Altavoz - para uso port�til;MM100JAM27;20,00;
JAM Replay - Altavoz - para uso port�til;MM100JAM34;21,33;
JBL Go - Altavoz - para uso port�til;MM101JBL34;25,32;
JBL Go - Altavoz - para uso port�til;MM101JBL29;Cont�ctenos por precio.;
JBL Go - Altavoz - para uso port�til;MM101JBL33;25,32;
JBL Go - Altavoz - para uso port�til;MM101JBL31;25,32;
JBL Go - Altavoz - para uso port�til;MM101JBL32;25,32;
JBL Go - Altavoz - para uso port�til;MM101JBL30;25,32;
House of Marley Chant Mini - Altavoz - para uso port�til;MM100HOM46;Cont�ctenos por precio.;
JBL Clip 2 - Altavoz - para uso port�til;MM102JBL12;46,43;
JBL Flip 4 - Altavoz - para uso port�til;MM102JBL60;76,19;
JBL Flip 4 - Speaker - Wireless;MM102JBL61;76,19;
JBL Flip 4 - Speakers - Wireless;MM102JBL62;76,19;
JBL Charge 3 - Altavoz - para uso port�til;MM102JBL13;121,52;
JBL Charge 3 - Altavoz - para uso port�til;MM102JBL14;120,25;
JBL Charge 3 - Altavoz - para uso port�til;MM102JBL15;121,52;
JBL Charge 3 - Altavoz - para uso port�til;MM102JBL16;122,78;
JBL Charge 3 - Altavoz - para uso port�til;MM102JBL17;120,25;
JBL T210 - Auriculares internos con micro - en oreja;MM102JBL23;15,19;
JBL T210 - Auriculares internos con micro - en oreja;MM102JBL24;15,19;
House of Marley Smile Jamaica - Auriculares internos con micro - en oreja;MM100HOM60;13,92;
House of Marley Smile Jamaica - Auriculares internos con micro - en oreja;MM100HOM61;13,92;
House of Marley Smile Jamaica - Auriculares internos - en oreja;MM100HOM95;14,67;
JBL T290 - Auriculares internos con micro - en oreja;MM102JBL28;21,52;
JBL T290 - Auriculares internos con micro - en oreja;MM102JBL26;21,52;
JBL T290 - Auriculares internos con micro - en oreja;MM102JBL27;22,78;
JAM Transit Mini - Auriculares internos con micro - en oreja;MM100JAM31;18,67;
JAM Transit Mini - Auriculares internos con micro - en oreja;MM100JAM35;18,67;
JAM Transit Mini - Auriculares internos con micro - en oreja;MM100JAM30;18,67;
JBL T450 - Auriculares con diadema con micro - en oreja;MM102JBL31;24,05;
JBL T450 - Auriculares con diadema con micro - en oreja;MM102JBL30;24,05;
JBL T450 - Auriculares con diadema con micro - en oreja;MM102JBL29;22,78;
JBL T450BT - Auriculares con diadema con micro - en oreja;MM102JBL32;35,44;
JBL T450BT - Auriculares con diadema con micro - en oreja;MM102JBL34;39,24;
JBL T450BT - Auriculares con diadema con micro - en oreja;MM102JBL33;39,24;
JBL Synchros E40 BT - Auricular - en oreja;MM102JBL03;67,86;
Jabra Sport Pace - Auriculares internos con micro - en oreja;MM000JAB06;67,78;
Klip Xtreme KNB-425 Kuest laptop backpack - Mochila para transporte de port�til - 15.6";AN120KLX69;19,25;
Klip Xtreme KNB-425 Kuest laptop backpack - Mochila para transporte de port�til - 15.6";AN120KLX67;17,11;
Klip Xtreme KNB-425 Kuest laptop backpack - Mochila para transporte de port�til - 15.6";AN120KLX68;18,42;
Klip Xtreme - Charcoal gray - Nylon;AN120KLX63;19,99;
Klip Xtreme Verona - Funda de transporte para port�til - 15.4";AN120KLX88;22,37;
The House of Marley Lively Up Messenger - Funda de transporte para port�til - neblina;AN000HOM02;25,33;
House of Marley - Notebook carrying case and handbag - Black;AN000HOM03;26,67;
Klip Xtreme KNB-418 GreenStone Laptop Backpack - Mochila para transporte de port�til - 17.1";AN120KLX59;28,95;
Tucano Compatto XL - Bolso de deporte - nylon;AN000TUC58;29,11;
Tucano Compatto XL - Bolso de deporte - nylon;AN000TUC59;29,11;
Dell - Notebook carrying backpack - 15.6";AN150DEL22;27,78;
Thule Subterra TSS-313 - Funda para port�til - 13";AN000THU17;30,38;
Thule  Bumper MacBook Pro Ret. - 15 TVBE-3154 - Vectros Negro- Policarbonato;AN000THU25;36,71;
Thule  Backpack 23L - TDSB-113 - Nylon;AN000THU07;37,97;
Thule - Carrying backpack - Black;AN000THU35;37,97;
Thule EnRoute Blur 2 TEBD-217 - Mochila para transporte de port�til - 15.6";AN000THU02;39,24;
Tucano Work-out Slim Bag - Funda de transporte para port�til - 13";AN000TUC07;40,51;
Thule EnRoute Triumph 2 TETD-215 - Mochila para transporte de port�til - 15";AN000THU30;56,96;
Thule EnRoute Triumph 2 TETD-215 - Mochila para transporte de port�til - 15";AN000THU31;55,70;
 Thule - Mochila - 15 "- TCBP-317;AN000THU00;60,76;
Thule - Mochila 24L - TEBD-217;AN000THU03;64,56;
Thule Str�van Deluxe Attache - TSDA-113 - Funda de transporte para port�til;AN000THU14;50,63;
Belkin Air Protect Case SheerForce - Case - Space gray;AC403BLK61;18,99;
Belkin Air Protect Case SheerForce - Case - Silver;AC403BLK62;18,99;
Belkin AIR PROTECT SheerForce - Carcasa trasera para tel�fono m�vil - poliuretano termopl�stico;AC403BLK60;17,72;
Belkin AIR PROTECT SheerForce - Carcasa trasera para tel�fono m�vil - poliuretano termopl�stico;AC403BLK89;17,72;
Belkin AIR PROTECT SheerForce - Carcasa trasera para tel�fono m�vil - poliuretano termopl�stico;AC403BLK57;17,72;
Belkin AIR PROTECT SheerForce - Carcasa trasera para tel�fono m�vil - poliuretano termopl�stico;AC403BLK59;17,72;
Wacom Intuos Draw Peque�a - Digitalizador - diestro y zurdo;ID000WAC93;60,71;
Wacom Intuos Photo Peque�a - Digitalizador - diestro y zurdo;ID000WAC96;85,59;
Jabra UC Voice 150 MS Mono - Auricular - en oreja;MM000GNK37;29,11;
Jabra UC Voice 150 MS Duo - Auricular - en oreja;MM000GNK60;34,67;
JBL Reflect Mini - Auriculares internos con micro - en oreja;MM101JBL16;39,29;
JBL Reflect Mini - Auriculares internos con micro - en oreja;MM101JBL17;39,29;
JBL Reflect Mini - Auriculares internos con micro - en oreja;MM101JBL18;39,29;
JBL Reflect Mini - Auriculares internos con micro - en oreja;MM101JBL19;39,29;
HyperX Cloud Revolver - Auricular - tama�o completo;MM100KNG10;90,23;
Nexxt Solutions Connectivity - Network surveillance camera - Fixed;MM101NXT40;27,38;
Provision-Isr S-Sight DI-390IPS36 - C�mara de vigilancia de red - color (D�a y noche);EV101PRO24;60,00;
EZVIZ CS-CV216-A0-31WFR(2.8MM) - CCTV camera - 720p;ES100EZV04;77,14;
Nexxt Solutions Connectivity - Network surveillance camera - Fixed;MM101NXT08;70,24;
Hikvision Mini Network Camera DS-2CD2D14WD - C�mara de vigilancia de red - color (D�a y noche);ES100HIK29;81,42;
Hikvision DS-2CD1021-I - C�mara de vigilancia de red - exteriores;ES201HIK33;45,33;
Provision-Isr - CAM IP I3-340IP536  - 4MP-  H265;EV101PRO19;125,71;
Hikvision DS-2CD2T42WD-I5 - C�mara de vigilancia de red - exteriores;MM000HIK02;110,00;
Hikvision EasyIP 3.0 DS-2CD2055FWD-I - C�mara de vigilancia de red - exteriores;ES201HIK43;101,81;
Hikvision - EXIR Dome Camera - Network surveillance camera;ES201HIK44;109,70;
Hikvision DS-2CD1721FWD-IZ - C�mara de vigilancia de red - c�pula;ES201HIK37;98,19;
Hikvision 4MP Mini Fisheye Camera DS-2CD2942F - C�mara de vigilancia de red - c�pula;ES100HIK28;175,71;
Hikvision DS-2CD1741FWD-IZ - C�mara de vigilancia de red - c�pula;ES201HIK42;119,43;
Nexxt Solutions Connectivity - Pan / tilt / zoom - Baby Monitor;MM104NXT07;111,96;
HP Deskjet GT 5810 All-in-One - Impresora multifunci�n - color;PT031HEW06;125,00;
Epson L380 - Impresora multifunci�n - color;PT335EPS60;149,00;
HP Deskjet GT 5820 All-in-One - Impresora multifunci�n - color;PT031HEW07;145,00;
Epson L395 - Multifunction printer - Printer / Copier / Scanner;PT335EPS62;174,15;
Epson L495 - Multifunction printer - Printer / Scanner / Copier;PT335EPS53;200,00;
Microsoft rat�n m�vil inal�mbrico 1850 - Rat�n - diestro y zurdo;ID018MSR01;10,71;
Microsoft Sculpt Comfort Mouse - Rat�n - �ptico;ID014MSR22;29,76;
Anker SoundBuds Sport - Auriculares internos con micro - en oreja;MM000ANK04;26,67;
Anker SoundBuds Sport - Auriculares internos con micro - en oreja;MM000ANK02;26,67;
Acer - Notebook 15.6" - Intel Core i3 I3-6006U;NT101ACR18;369,23;
Klip Xtreme KNB-800BR Karavan - Mochila para transporte de port�til - 15.6";AN121KLX02;18,56;
Tucano Compatto XL Pack - Mochila - nylon;AN000TUC62;16,46;
HP 670XL - 14 ml - Alto rendimiento;AS220HEW17;15,44;
HP 670XL - Alto rendimiento - cian tintado;AS220HEW18;15,37;
HP 670XL - Alto rendimiento - magenta tintado;AS220HEW19;15,41;
HP 670XL - Alto rendimiento - amarillo tintado;AS220HEW20;15,15;
HP 920XL - 49 ml - Alto rendimiento;AS217HEW84;37,05;
Huawei Y7 - Android 7.0 - Snapdragon 435 1.4GHz;CE105HUA13;176,09;
Huawei P10 Selfie - Smartphone (Android OS) - 4G;CE105HUA16;368,48;
Case Logic Larimer Rolltop - Mochila para transporte de port�til - 15";AN123CSL12;45,33;
Case Logic Ibira - Mochila para transporte de port�til - 15.6";AN123CSL09;22,67;
Case Logic Jaunt - Mochila para transporte de port�til - 15.6";AN123CSL16;32,00;
Case Logic Larimer Rolltop - Mochila para transporte de port�til - 15";AN123CSL17;61,33;
